{
  "config": {
    "T": 1000,
    "alphas": [
      0.07115199999999999,
      0.111152,
      0.18115199999999998
    ],
    "chain_names": [
      "global",
      "early_strict",
      "early_very_strict",
      "mid_strict",
      "late_permissive",
      "balanced_staggered"
    ],
    "deltas": [
      0.05,
      0.1
    ],
    "levels_per_chain": 30,
    "n": 1000,
    "threshold_vectors_shape": [
      180,
      4
    ]
  },
  "description": "Synthetic redesign evidence for multi-chain CARC",
  "experiment": "e8_multichain_selector",
  "git_sha": "60f48105dd9c59c6ea5b401c1ba0f4c35bb83983",
  "oracle": {
    "candidate_count": 180,
    "chain_count": 6,
    "cost_at_risk_floor": 4.057496,
    "risk_floor": 0.031152
  },
  "rows": [
    {
      "T": 1000,
      "alpha": 0.07115199999999999,
      "candidate_count": 30,
      "chain_count": 1,
      "delta": 0.05,
      "feasible_count": 580,
      "feasible_rate": 0.58,
      "mean_excess_cost": 0.16192957241379316,
      "mean_true_cost": 3.5800775724137934,
      "mean_true_risk": 0.05349520000000001,
      "method": "scalar_chain",
      "n": 1000,
      "oracle_cheapest_safe_cost": 3.418148,
      "pvalue": "hb",
      "true_violation_ci95": [
        0.0,
        0.003682083896865671
      ],
      "true_violation_count": 0,
      "true_violation_rate": 0.0
    },
    {
      "T": 1000,
      "alpha": 0.07115199999999999,
      "candidate_count": 180,
      "chain_count": 6,
      "delta": 0.05,
      "feasible_count": 861,
      "feasible_rate": 0.861,
      "mean_excess_cost": 0.1795574680603948,
      "mean_true_cost": 3.5254494680603954,
      "mean_true_risk": 0.05030923577235772,
      "method": "multichain",
      "n": 1000,
      "oracle_cheapest_safe_cost": 3.345892,
      "pvalue": "hb",
      "true_violation_ci95": [
        0.0,
        0.003682083896865671
      ],
      "true_violation_count": 0,
      "true_violation_rate": 0.0
    },
    {
      "T": 1000,
      "alpha": 0.07115199999999999,
      "candidate_count": 180,
      "chain_count": 6,
      "delta": 0.05,
      "feasible_count": 987,
      "feasible_rate": 0.987,
      "mean_excess_cost": 0.2442423262411347,
      "mean_true_cost": 3.590134326241135,
      "mean_true_risk": 0.04453470314083081,
      "method": "holm",
      "n": 1000,
      "oracle_cheapest_safe_cost": 3.345892,
      "pvalue": "hb",
      "true_violation_ci95": [
        0.0,
        0.003682083896865671
      ],
      "true_violation_count": 0,
      "true_violation_rate": 0.0
    },
    {
      "T": 1000,
      "alpha": 0.07115199999999999,
      "candidate_count": 180,
      "chain_count": 6,
      "delta": 0.05,
      "feasible_count": 987,
      "feasible_rate": 0.987,
      "mean_excess_cost": 0.2538551773049645,
      "mean_true_cost": 3.5997471773049647,
      "mean_true_risk": 0.04376793110435664,
      "method": "bonferroni",
      "n": 1000,
      "oracle_cheapest_safe_cost": 3.345892,
      "pvalue": "hb",
      "true_violation_ci95": [
        0.0,
        0.003682083896865671
      ],
      "true_violation_count": 0,
      "true_violation_rate": 0.0
    },
    {
      "T": 1000,
      "alpha": 0.07115199999999999,
      "candidate_count": 180,
      "chain_count": 6,
      "delta": 0.05,
      "feasible_count": 1000,
      "feasible_rate": 1.0,
      "mean_excess_cost": 0.0032369599999999736,
      "mean_true_cost": 3.3491289599999994,
      "mean_true_risk": 0.071426556,
      "method": "naive",
      "n": 1000,
      "oracle_cheapest_safe_cost": 3.345892,
      "pvalue": null,
      "true_violation_ci95": [
        0.3331368399380181,
        0.3936725204750731
      ],
      "true_violation_count": 363,
      "true_violation_rate": 0.363
    },
    {
      "T": 1000,
      "alpha": 0.07115199999999999,
      "candidate_count": 30,
      "chain_count": 1,
      "delta": 0.1,
      "feasible_count": 664,
      "feasible_rate": 0.664,
      "mean_excess_cost": 0.14115863855421687,
      "mean_true_cost": 3.5593066385542165,
      "mean_true_risk": 0.05500886144578313,
      "method": "scalar_chain",
      "n": 1000,
      "oracle_cheapest_safe_cost": 3.418148,
      "pvalue": "hb",
      "true_violation_ci95": [
        0.0,
        0.003682083896865671
      ],
      "true_violation_count": 0,
      "true_violation_rate": 0.0
    },
    {
      "T": 1000,
      "alpha": 0.07115199999999999,
      "candidate_count": 180,
      "chain_count": 6,
      "delta": 0.1,
      "feasible_count": 916,
      "feasible_rate": 0.916,
      "mean_excess_cost": 0.1562020873362445,
      "mean_true_cost": 3.5020940873362445,
      "mean_true_risk": 0.05214499126637555,
      "method": "multichain",
      "n": 1000,
      "oracle_cheapest_safe_cost": 3.345892,
      "pvalue": "hb",
      "true_violation_ci95": [
        0.0,
        0.003682083896865671
      ],
      "true_violation_count": 0,
      "true_violation_rate": 0.0
    },
    {
      "T": 1000,
      "alpha": 0.07115199999999999,
      "candidate_count": 180,
      "chain_count": 6,
      "delta": 0.1,
      "feasible_count": 992,
      "feasible_rate": 0.992,
      "mean_excess_cost": 0.22396336290322577,
      "mean_true_cost": 3.569855362903226,
      "mean_true_risk": 0.045848520161290325,
      "method": "holm",
      "n": 1000,
      "oracle_cheapest_safe_cost": 3.345892,
      "pvalue": "hb",
      "true_violation_ci95": [
        0.0,
        0.003682083896865671
      ],
      "true_violation_count": 0,
      "true_violation_rate": 0.0
    },
    {
      "T": 1000,
      "alpha": 0.07115199999999999,
      "candidate_count": 180,
      "chain_count": 6,
      "delta": 0.1,
      "feasible_count": 992,
      "feasible_rate": 0.992,
      "mean_excess_cost": 0.2396046451612903,
      "mean_true_cost": 3.5854966451612906,
      "mean_true_risk": 0.04471948387096774,
      "method": "bonferroni",
      "n": 1000,
      "oracle_cheapest_safe_cost": 3.345892,
      "pvalue": "hb",
      "true_violation_ci95": [
        0.0,
        0.003682083896865671
      ],
      "true_violation_count": 0,
      "true_violation_rate": 0.0
    },
    {
      "T": 1000,
      "alpha": 0.07115199999999999,
      "candidate_count": 180,
      "chain_count": 6,
      "delta": 0.1,
      "feasible_count": 1000,
      "feasible_rate": 1.0,
      "mean_excess_cost": 0.0032369599999999736,
      "mean_true_cost": 3.3491289599999994,
      "mean_true_risk": 0.071426556,
      "method": "naive",
      "n": 1000,
      "oracle_cheapest_safe_cost": 3.345892,
      "pvalue": null,
      "true_violation_ci95": [
        0.3331368399380181,
        0.3936725204750731
      ],
      "true_violation_count": 363,
      "true_violation_rate": 0.363
    },
    {
      "T": 1000,
      "alpha": 0.111152,
      "candidate_count": 30,
      "chain_count": 1,
      "delta": 0.05,
      "feasible_count": 1000,
      "feasible_rate": 1.0,
      "mean_excess_cost": 0.07167817199999993,
      "mean_true_cost": 3.3256821719999996,
      "mean_true_risk": 0.083523756,
      "method": "scalar_chain",
      "n": 1000,
      "oracle_cheapest_safe_cost": 3.254004,
      "pvalue": "hb",
      "true_violation_ci95": [
        0.0016254195175627604,
        0.011629470559812147
      ],
      "true_violation_count": 5,
      "true_violation_rate": 0.005
    },
    {
      "T": 1000,
      "alpha": 0.111152,
      "candidate_count": 180,
      "chain_count": 6,
      "delta": 0.05,
      "feasible_count": 1000,
      "feasible_rate": 1.0,
      "mean_excess_cost": 0.11590976400000008,
      "mean_true_cost": 3.2830537640000004,
      "mean_true_risk": 0.083919064,
      "method": "multichain",
      "n": 1000,
      "oracle_cheapest_safe_cost": 3.167144,
      "pvalue": "hb",
      "true_violation_ci95": [
        0.0,
        0.003682083896865671
      ],
      "true_violation_count": 0,
      "true_violation_rate": 0.0
    },
    {
      "T": 1000,
      "alpha": 0.111152,
      "candidate_count": 180,
      "chain_count": 6,